{
  "format_version": 1,
  "bpm": 960,
  "duration_seconds": 30.0,
  "voices": [
    {
      "name": "v1",
      "sound_func": "piano_sound",
      "octave_shift": 0,
      "h_divisions": 10,
      "v_divisions": 25,
      "control_points": [
        [
          51.0,
          279.0
        ],
        [
          94.0,
          216.0
        ],
        [
          128.0,
          292.0
        ],
        [
          213.0,
          178.0
        ],
        [
          265.0,
          386.0
        ],
        [
          284.0,
          277.0
        ],
        [
          316.0,
          260.0
        ],
        [
          333.0,
          388.0
        ],
        [
          389.0,
          377.0
        ],
        [
          397.0,
          394.0
        ],
        [
          435.0,
          233.0
        ],
        [
          450.0,
          428.72
        ],
        [
          470.0,
          425.0
        ],
        [
          485.0,
          378.0
        ],
        [
          549.0,
          313.0
        ],
        [
          584.0,
          260.00000000000006
        ],
        [
          718.0,
          91.28
        ],
        [
          852.0,
          259.99999999999994
        ]
      ],
      "scale_regions": []
    }
  ]
}