{
  "format_version": 1,
  "bpm": 960,
  "duration_seconds": 30.0,
  "voices": [
    {
      "name": "v1",
      "sound_func": "piano_sound",
      "octave_shift": 0,
      "h_divisions": 23,
      "v_divisions": 16,
      "control_points": [
        [
          48.0,
          260.0
        ],
        [
          123.0,
          232.0
        ],
        [
          182.0,
          91.28
        ],
        [
          250.0,
          135.0
        ],
        [
          372.0,
          203.0
        ],
        [
          418.0,
          423.0
        ],
        [
          509.0,
          319.0
        ],
        [
          519.0,
          218.0
        ],
        [
          584.0,
          260.00000000000006
        ],
        [
          718.0,
          91.28
        ],
        [
          754.0,
          215.0
        ],
        [
          786.0,
          234.0
        ],
        [
          852.0,
          259.99999999999994
        ]
      ],
      "scale_regions": []
    }
  ]
}